timestamp,year,month,day,hour,province,location,lat,lon,aqi,pollution_level,pollution_class,temp,humidity,rain,wind_speed,wind_dir,pressure,cloud,pm2_5,pm10,co,no2,o3,so2
2026-04-14 21:00:00,2026,4,14,21,Vĩnh Long,Phường An Hội,10.2009202,106.3727946,87.0,Moderate,1.0,28.7,74,0.0,9.1,162,1008.7,0,32.9,34.7,225.0,17.8,53.0,6.9
2026-04-14 22:00:00,2026,4,14,22,Vĩnh Long,Phường An Hội,10.2009202,106.3727946,87.0,Moderate,1.0,27.8,79,0.0,7.6,180,1009.2,12,33.9,35.7,218.0,17.7,47.0,6.6
2026-04-14 23:00:00,2026,4,14,23,Vĩnh Long,Phường An Hội,10.2009202,106.3727946,88.0,Moderate,1.0,27.3,83,0.0,6.5,183,1009.3,30,33.5,35.4,213.0,17.0,45.0,5.9
2026-04-15 00:00:00,2026,4,15,0,Vĩnh Long,Phường An Hội,10.2009202,106.3727946,88.0,Moderate,1.0,26.9,86,0.0,6.1,180,1009.2,30,31.9,33.9,206.0,16.0,45.0,5.0
2026-04-15 01:00:00,2026,4,15,1,Vĩnh Long,Phường An Hội,10.2009202,106.3727946,88.0,Moderate,1.0,26.8,88,0.0,5.4,180,1008.2,35,31.4,33.4,201.0,15.7,45.0,4.4
2026-04-15 02:00:00,2026,4,15,2,Vĩnh Long,Phường An Hội,10.2009202,106.3727946,88.0,Moderate,1.0,26.5,90,0.0,5.4,180,1007.5,29,31.8,33.8,194.0,16.5,42.0,4.2
2026-04-15 03:00:00,2026,4,15,3,Vĩnh Long,Phường An Hội,10.2009202,106.3727946,88.0,Moderate,1.0,26.2,92,0.0,5.1,176,1007.3,24,33.3,35.2,188.0,17.9,39.0,4.2
2026-04-15 04:00:00,2026,4,15,4,Vĩnh Long,Phường An Hội,10.2009202,106.3727946,88.0,Moderate,1.0,26.0,93,0.0,4.7,176,1007.4,40,37.4,39.5,189.0,19.3,37.0,4.7
2026-04-15 05:00:00,2026,4,15,5,Vĩnh Long,Phường An Hội,10.2009202,106.3727946,87.0,Moderate,1.0,25.9,93,0.0,4.3,175,1008.1,48,46.0,48.3,207.0,21.2,36.0,6.1
2026-04-15 06:00:00,2026,4,15,6,Vĩnh Long,Phường An Hội,10.2009202,106.3727946,86.0,Moderate,1.0,25.9,93,0.0,4.0,175,1008.3,54,55.9,58.3,232.0,23.1,37.0,8.0
2026-04-15 07:00:00,2026,4,15,7,Vĩnh Long,Phường An Hội,10.2009202,106.3727946,85.0,Moderate,1.0,26.8,90,0.0,4.5,166,1009.4,55,50.2,52.7,243.0,22.4,43.0,8.7
2026-04-15 08:00:00,2026,4,15,8,Vĩnh Long,Phường An Hội,10.2009202,106.3727946,86.0,Moderate,1.0,28.2,81,0.0,7.6,177,1010.0,55,24.7,28.1,224.0,16.7,59.0,7.3
2026-04-15 09:00:00,2026,4,15,9,Vĩnh Long,Phường An Hội,10.2009202,106.3727946,86.0,Moderate,1.0,29.6,73,0.0,7.2,177,1010.7,55,16.4,19.5,191.0,8.5,81.0,4.8
2026-04-15 10:00:00,2026,4,15,10,Vĩnh Long,Phường An Hội,10.2009202,106.3727946,86.0,Moderate,1.0,30.9,64,0.0,6.7,164,1010.4,56,14.4,17.0,166.0,2.5,98.0,2.9
2026-04-15 11:00:00,2026,4,15,11,Vĩnh Long,Phường An Hội,10.2009202,106.3727946,86.0,Moderate,1.0,32.2,58,0.0,6.3,156,1010.2,66,13.6,15.9,160.0,0.9,105.0,2.2
2026-04-15 12:00:00,2026,4,15,12,Vĩnh Long,Phường An Hội,10.2009202,106.3727946,85.0,Moderate,1.0,33.4,53,0.0,5.6,153,1009.1,47,13.1,15.4,163.0,1.4,107.0,2.1
2026-04-15 13:00:00,2026,4,15,13,Vĩnh Long,Phường An Hội,10.2009202,106.3727946,84.0,Moderate,1.0,34.4,47,0.0,6.3,149,1008.2,45,13.1,15.4,165.0,2.1,107.0,2.1
2026-04-15 14:00:00,2026,4,15,14,Vĩnh Long,Phường An Hội,10.2009202,106.3727946,84.0,Moderate,1.0,35.1,44,0.0,7.2,153,1006.7,44,13.9,16.1,162.0,1.9,108.0,1.9
2026-04-15 15:00:00,2026,4,15,15,Vĩnh Long,Phường An Hội,10.2009202,106.3727946,84.0,Moderate,1.0,35.4,41,0.0,8.2,157,1005.7,65,14.1,16.3,159.0,1.9,107.0,1.7
2026-04-15 16:00:00,2026,4,15,16,Vĩnh Long,Phường An Hội,10.2009202,106.3727946,84.0,Moderate,1.0,35.2,41,0.0,9.3,167,1005.2,66,14.0,16.2,162.0,2.9,102.0,1.9
2026-04-15 17:00:00,2026,4,15,17,Vĩnh Long,Phường An Hội,10.2009202,106.3727946,83.0,Moderate,1.0,34.6,42,0.0,10.1,178,1005.7,27,13.9,15.9,178.0,5.8,90.0,2.8
2026-04-15 18:00:00,2026,4,15,18,Vĩnh Long,Phường An Hội,10.2009202,106.3727946,83.0,Moderate,1.0,33.4,44,0.0,9.7,178,1006.3,5,16.6,18.2,199.0,9.8,75.0,4.1
2026-04-15 19:00:00,2026,4,15,19,Vĩnh Long,Phường An Hội,10.2009202,106.3727946,82.0,Moderate,1.0,31.1,62,0.0,12.4,170,1007.1,0,18.8,20.5,216.0,13.0,62.0,5.2
2026-04-15 20:00:00,2026,4,15,20,Vĩnh Long,Phường An Hội,10.2009202,106.3727946,81.0,Moderate,1.0,29.6,70,0.0,11.3,173,1007.7,1,19.4,21.2,222.0,14.5,55.0,5.9
2026-04-15 21:00:00,2026,4,15,21,Vĩnh Long,Phường An Hội,10.2009202,106.3727946,80.0,Moderate,1.0,28.7,76,0.0,8.3,175,1008.4,1,21.2,23.1,223.0,15.3,50.0,6.3
2026-04-15 22:00:00,2026,4,15,22,Vĩnh Long,Phường An Hội,10.2009202,106.3727946,79.0,Moderate,1.0,28.0,80,0.0,6.4,196,1009.4,9,25.4,27.2,223.0,16.1,46.0,6.5
2026-04-15 23:00:00,2026,4,15,23,Vĩnh Long,Phường An Hội,10.2009202,106.3727946,78.0,Moderate,1.0,27.5,83,0.0,5.9,194,1009.5,6,29.0,30.9,224.0,16.9,42.0,6.3
2026-04-16 00:00:00,2026,4,16,0,Vĩnh Long,Phường An Hội,10.2009202,106.3727946,78.0,Moderate,1.0,27.1,86,0.0,6.2,187,1009.2,1,30.6,32.6,225.0,17.8,39.0,5.9
2026-04-16 01:00:00,2026,4,16,1,Vĩnh Long,Phường An Hội,10.2009202,106.3727946,78.0,Moderate,1.0,26.8,88,0.0,5.8,184,1008.6,22,32.7,34.6,225.0,19.3,36.0,5.8
2026-04-16 02:00:00,2026,4,16,2,Vĩnh Long,Phường An Hội,10.2009202,106.3727946,78.0,Moderate,1.0,26.5,90,0.0,5.0,180,1008.0,37,35.0,36.9,220.0,22.1,31.0,6.0
2026-04-16 03:00:00,2026,4,16,3,Vĩnh Long,Phường An Hội,10.2009202,106.3727946,78.0,Moderate,1.0,26.3,92,0.0,5.0,180,1007.6,41,39.8,41.9,215.0,25.5,26.0,6.5
2026-04-16 04:00:00,2026,4,16,4,Vĩnh Long,Phường An Hội,10.2009202,106.3727946,78.0,Moderate,1.0,26.2,93,0.0,4.3,175,1007.6,47,49.5,51.8,218.0,28.2,24.0,7.4
2026-04-16 05:00:00,2026,4,16,5,Vĩnh Long,Phường An Hội,10.2009202,106.3727946,80.0,Moderate,1.0,26.1,93,0.0,2.3,162,1008.4,65,63.3,65.9,243.0,30.5,25.0,9.4
2026-04-16 06:00:00,2026,4,16,6,Vĩnh Long,Phường An Hội,10.2009202,106.3727946,81.0,Moderate,1.0,26.3,92,0.0,1.3,124,1009.0,63,80.1,83.1,277.0,32.0,30.0,11.7
2026-04-16 07:00:00,2026,4,16,7,Vĩnh Long,Phường An Hội,10.2009202,106.3727946,83.0,Moderate,1.0,27.0,88,0.0,0.8,153,1009.7,62,67.3,70.5,290.0,30.3,39.0,12.5
2026-04-16 08:00:00,2026,4,16,8,Vĩnh Long,Phường An Hội,10.2009202,106.3727946,85.0,Moderate,1.0,28.5,77,0.0,4.7,189,1010.4,50,30.7,34.7,262.0,22.5,58.0,10.3
2026-04-16 09:00:00,2026,4,16,9,Vĩnh Long,Phường An Hội,10.2009202,106.3727946,85.0,Moderate,1.0,29.8,71,0.0,4.3,175,1010.8,53,19.8,23.8,214.0,11.5,82.0,6.5
2026-04-16 10:00:00,2026,4,16,10,Vĩnh Long,Phường An Hội,10.2009202,106.3727946,86.0,Moderate,1.0,31.3,63,0.0,3.7,151,1010.8,45,18.3,21.8,179.0,3.4,101.0,3.6
2026-04-16 11:00:00,2026,4,16,11,Vĩnh Long,Phường An Hội,10.2009202,106.3727946,86.0,Moderate,1.0,32.8,55,0.0,3.6,135,1010.1,45,18.3,21.4,173.0,1.0,111.0,2.7
2026-04-16 12:00:00,2026,4,16,12,Vĩnh Long,Phường An Hội,10.2009202,106.3727946,86.0,Moderate,1.0,34.0,50,0.0,3.2,117,1009.3,61,18.3,21.3,180.0,1.6,117.0,2.6
2026-04-16 13:00:00,2026,4,16,13,Vĩnh Long,Phường An Hội,10.2009202,106.3727946,87.0,Moderate,1.0,35.0,46,0.0,3.4,122,1008.0,63,19.0,22.1,184.0,2.3,120.0,2.7
2026-04-16 14:00:00,2026,4,16,14,Vĩnh Long,Phường An Hội,10.2009202,106.3727946,87.0,Moderate,1.0,35.7,42,0.0,3.6,135,1007.0,45,17.7,20.7,178.0,2.1,123.0,2.5
2026-04-16 15:00:00,2026,4,16,15,Vĩnh Long,Phường An Hội,10.2009202,106.3727946,88.0,Moderate,1.0,36.0,42,0.0,5.6,130,1005.9,44,16.9,19.7,168.0,2.1,123.0,2.4
2026-04-16 16:00:00,2026,4,16,16,Vĩnh Long,Phường An Hội,10.2009202,106.3727946,88.0,Moderate,1.0,35.8,41,0.0,8.1,111,1005.5,71,16.1,18.8,166.0,3.3,117.0,2.7
2026-04-16 17:00:00,2026,4,16,17,Vĩnh Long,Phường An Hội,10.2009202,106.3727946,88.0,Moderate,1.0,34.0,48,0.0,13.2,107,1005.9,81,16.0,18.7,176.0,6.7,101.0,3.6
2026-04-16 18:00:00,2026,4,16,18,Vĩnh Long,Phường An Hội,10.2009202,106.3727946,88.0,Moderate,1.0,32.3,56,0.0,13.6,127,1006.7,47,19.4,21.4,193.0,11.3,80.0,4.9
2026-04-16 19:00:00,2026,4,16,19,Vĩnh Long,Phường An Hội,10.2009202,106.3727946,89.0,Moderate,1.0,30.8,64,0.0,13.2,133,1007.4,0,21.5,23.4,207.0,14.8,63.0,5.8
2026-04-16 20:00:00,2026,4,16,20,Vĩnh Long,Phường An Hội,10.2009202,106.3727946,89.0,Moderate,1.0,29.5,72,0.0,12.0,139,1008.2,14,23.0,24.9,214.0,16.2,54.0,6.2
2026-04-16 21:00:00,2026,4,16,21,Vĩnh Long,Phường An Hội,10.2009202,106.3727946,89.0,Moderate,1.0,28.7,80,0.0,10.7,140,1008.7,31,25.0,26.9,218.0,16.4,48.0,6.3
2026-04-16 22:00:00,2026,4,16,22,Vĩnh Long,Phường An Hội,10.2009202,106.3727946,89.0,Moderate,1.0,28.2,83,0.0,10.0,139,1009.1,41,27.1,29.1,220.0,16.4,45.0,6.1
2026-04-16 23:00:00,2026,4,16,23,Vĩnh Long,Phường An Hội,10.2009202,106.3727946,90.0,Moderate,1.0,27.8,86,0.0,8.5,144,1009.3,43,27.4,29.3,217.0,16.1,44.0,5.5
2026-04-17 00:00:00,2026,4,17,0,Vĩnh Long,Phường An Hội,10.2009202,106.3727946,89.0,Moderate,1.0,27.6,87,0.0,6.4,164,1009.3,61,27.8,29.7,212.0,15.5,44.0,4.7
2026-04-17 01:00:00,2026,4,17,1,Vĩnh Long,Phường An Hội,10.2009202,106.3727946,89.0,Moderate,1.0,27.5,87,0.0,6.8,180,1009.1,78,28.7,30.7,211.0,15.3,45.0,4.2
2026-04-17 02:00:00,2026,4,17,2,Vĩnh Long,Phường An Hội,10.2009202,106.3727946,89.0,Moderate,1.0,27.4,87,0.0,6.5,177,1008.9,77,29.0,31.1,218.0,15.8,44.0,4.0
2026-04-17 03:00:00,2026,4,17,3,Vĩnh Long,Phường An Hội,10.2009202,106.3727946,88.0,Moderate,1.0,27.2,88,0.0,5.4,180,1008.6,73,30.6,32.8,229.0,16.7,43.0,4.1
2026-04-17 04:00:00,2026,4,17,4,Vĩnh Long,Phường An Hội,10.2009202,106.3727946,87.0,Moderate,1.0,27.1,89,0.0,4.3,185,1008.5,59,34.5,36.9,241.0,17.7,43.0,4.6
2026-04-17 05:00:00,2026,4,17,5,Vĩnh Long,Phường An Hội,10.2009202,106.3727946,86.0,Moderate,1.0,27.0,90,0.0,2.5,188,1008.9,75,41.1,43.7,257.0,19.5,43.0,6.0
2026-04-17 06:00:00,2026,4,17,6,Vĩnh Long,Phường An Hội,10.2009202,106.3727946,84.0,Moderate,1.0,27.0,90,0.0,1.4,180,1009.4,72,50.5,53.4,274.0,21.4,45.0,7.7
2026-04-17 07:00:00,2026,4,17,7,Vĩnh Long,Phường An Hội,10.2009202,106.3727946,82.0,Moderate,1.0,27.6,87,0.0,2.2,171,1010.3,63,46.2,49.2,276.0,20.9,51.0,8.4
2026-04-17 08:00:00,2026,4,17,8,Vĩnh Long,Phường An Hội,10.2009202,106.3727946,80.0,Moderate,1.0,28.8,80,0.0,5.7,162,1010.9,63,22.9,26.5,249.0,15.6,65.0,7.0
2026-04-17 09:00:00,2026,4,17,9,Vĩnh Long,Phường An Hội,10.2009202,106.3727946,79.0,Moderate,1.0,30.2,71,0.0,7.8,146,1011.0,81,15.2,18.7,207.0,8.0,84.0,4.6
2026-04-17 10:00:00,2026,4,17,10,Vĩnh Long,Phường An Hội,10.2009202,106.3727946,79.0,Moderate,1.0,30.7,68,0.1,8.8,125,1010.8,86,13.8,17.3,176.0,2.3,99.0,2.7
2026-04-17 11:00:00,2026,4,17,11,Vĩnh Long,Phường An Hội,10.2009202,106.3727946,78.0,Moderate,1.0,31.1,67,0.1,9.4,113,1010.6,76,12.8,16.1,168.0,0.7,106.0,2.1
2026-04-17 12:00:00,2026,4,17,12,Vĩnh Long,Phường An Hội,10.2009202,106.3727946,78.0,Moderate,1.0,32.5,62,0.0,9.0,119,1009.8,73,12.1,15.2,172.0,1.2,109.0,2.1
2026-04-17 13:00:00,2026,4,17,13,Vĩnh Long,Phường An Hội,10.2009202,106.3727946,77.0,Moderate,1.0,33.3,58,0.0,9.0,127,1008.6,76,12.0,15.1,176.0,1.8,110.0,2.1
2026-04-17 14:00:00,2026,4,17,14,Vĩnh Long,Phường An Hội,10.2009202,106.3727946,77.0,Moderate,1.0,33.7,55,0.0,8.4,133,1007.6,71,12.2,15.1,174.0,1.7,112.0,2.0
2026-04-17 15:00:00,2026,4,17,15,Vĩnh Long,Phường An Hội,10.2009202,106.3727946,76.0,Moderate,1.0,33.5,55,0.1,9.2,141,1006.9,76,12.3,15.2,172.0,1.8,112.0,1.9
2026-04-17 16:00:00,2026,4,17,16,Vĩnh Long,Phường An Hội,10.2009202,106.3727946,76.0,Moderate,1.0,32.9,56,0.1,9.3,152,1006.6,54,12.4,15.3,183.0,3.0,108.0,2.2
2026-04-17 17:00:00,2026,4,17,17,Vĩnh Long,Phường An Hội,10.2009202,106.3727946,75.0,Moderate,1.0,32.5,56,0.0,9.8,152,1006.7,46,12.9,15.5,215.0,6.2,97.0,3.2
2026-04-17 18:00:00,2026,4,17,18,Vĩnh Long,Phường An Hội,10.2009202,106.3727946,75.0,Moderate,1.0,31.7,59,0.0,9.7,149,1007.4,34,16.4,18.6,259.0,10.5,82.0,4.6
2026-04-17 19:00:00,2026,4,17,19,Vĩnh Long,Phường An Hội,10.2009202,106.3727946,75.0,Moderate,1.0,30.4,65,0.0,9.1,146,1008.2,27,19.9,21.9,303.0,14.2,69.0,5.8
2026-04-17 20:00:00,2026,4,17,20,Vĩnh Long,Phường An Hội,10.2009202,106.3727946,75.0,Moderate,1.0,29.4,71,0.0,8.6,147,1008.9,23,23.1,25.1,345.0,16.6,60.0,6.7
2026-04-17 21:00:00,2026,4,17,21,Vĩnh Long,Phường An Hội,10.2009202,106.3727946,75.0,Moderate,1.0,28.7,75,0.0,7.6,155,1009.6,36,27.1,29.1,387.0,18.3,54.0,7.3
2026-04-17 22:00:00,2026,4,17,22,Vĩnh Long,Phường An Hội,10.2009202,106.3727946,75.0,Moderate,1.0,28.1,78,0.0,6.4,164,1010.2,45,31.0,32.9,422.0,19.7,49.0,7.6
2026-04-17 23:00:00,2026,4,17,23,Vĩnh Long,Phường An Hội,10.2009202,106.3727946,75.0,Moderate,1.0,27.6,81,0.0,5.5,169,1010.3,52,33.9,35.9,449.0,20.3,46.0,7.1
2026-04-18 00:00:00,2026,4,18,0,Vĩnh Long,Phường An Hội,10.2009202,106.3727946,76.0,Moderate,1.0,27.1,83,0.0,4.7,176,1010.0,47,35.4,37.4,470.0,20.5,43.0,6.1
2026-04-18 01:00:00,2026,4,18,1,Vĩnh Long,Phường An Hội,10.2009202,106.3727946,76.0,Moderate,1.0,26.7,86,0.0,4.2,160,1009.4,31,37.6,39.7,484.0,21.6,41.0,5.6
2026-04-18 02:00:00,2026,4,18,2,Vĩnh Long,Phường An Hội,10.2009202,106.3727946,77.0,Moderate,1.0,26.5,88,0.0,4.1,142,1008.9,23,41.4,43.5,494.0,24.5,36.0,5.7
2026-04-18 03:00:00,2026,4,18,3,Vĩnh Long,Phường An Hội,10.2009202,106.3727946,78.0,Moderate,1.0,26.2,89,0.0,4.1,135,1008.6,28,49.2,51.6,497.0,28.2,32.0,6.3
2026-04-18 04:00:00,2026,4,18,4,Vĩnh Long,Phường An Hội,10.2009202,106.3727946,80.0,Moderate,1.0,26.1,90,0.0,4.1,135,1008.6,43,60.1,62.6,490.0,31.3,30.0,7.4
2026-04-18 05:00:00,2026,4,18,5,Vĩnh Long,Phường An Hội,10.2009202,106.3727946,82.0,Moderate,1.0,26.1,91,0.0,3.4,122,1008.9,53,73.8,76.6,471.0,34.3,32.0,9.8
2026-04-18 06:00:00,2026,4,18,6,Vĩnh Long,Phường An Hội,10.2009202,106.3727946,85.0,Moderate,1.0,26.1,91,0.0,3.5,114,1009.3,59,90.3,93.4,441.0,36.6,38.0,12.6
2026-04-18 07:00:00,2026,4,18,7,Vĩnh Long,Phường An Hội,10.2009202,106.3727946,89.0,Moderate,1.0,27.0,87,0.0,4.5,119,1010.0,57,79.4,82.7,398.0,35.0,49.0,13.8
2026-04-18 08:00:00,2026,4,18,8,Vĩnh Long,Phường An Hội,10.2009202,106.3727946,92.0,Moderate,1.0,28.6,74,0.0,7.7,127,1010.7,52,25.3,28.8,328.0,26.1,69.0,11.7
2026-04-18 09:00:00,2026,4,18,9,Vĩnh Long,Phường An Hội,10.2009202,106.3727946,92.0,Moderate,1.0,29.8,69,0.0,7.6,121,1011.0,53,18.5,22.1,246.0,13.2,93.0,7.8
2026-04-18 10:00:00,2026,4,18,10,Vĩnh Long,Phường An Hội,10.2009202,106.3727946,92.0,Moderate,1.0,31.2,63,0.0,7.7,118,1010.7,49,17.7,21.4,185.0,3.7,112.0,4.8
2026-04-18 11:00:00,2026,4,18,11,Vĩnh Long,Phường An Hội,10.2009202,106.3727946,92.0,Moderate,1.0,32.7,56,0.0,7.8,124,1010.1,44,15.7,18.8,166.0,0.9,121.0,3.6
2026-04-18 12:00:00,2026,4,18,12,Vĩnh Long,Phường An Hội,10.2009202,106.3727946,93.0,Moderate,1.0,33.9,50,0.0,6.8,115,1009.3,65,14.1,16.8,170.0,1.3,124.0,3.2
2026-04-18 13:00:00,2026,4,18,13,Vĩnh Long,Phường An Hội,10.2009202,106.3727946,93.0,Moderate,1.0,34.8,45,0.0,6.6,112,1008.2,68,13.1,15.8,174.0,2.1,124.0,3.0
2026-04-18 14:00:00,2026,4,18,14,Vĩnh Long,Phường An Hội,10.2009202,106.3727946,93.0,Moderate,1.0,34.9,44,0.0,7.4,113,1007.4,75,12.5,15.1,168.0,1.9,123.0,2.6
2026-04-18 15:00:00,2026,4,18,15,Vĩnh Long,Phường An Hội,10.2009202,106.3727946,93.0,Moderate,1.0,34.6,45,0.0,8.6,112,1006.6,81,12.0,14.3,161.0,2.0,119.0,2.4
2026-04-18 16:00:00,2026,4,18,16,Vĩnh Long,Phường An Hội,10.2009202,106.3727946,93.0,Moderate,1.0,33.9,48,0.0,9.8,114,1006.2,88,11.4,13.4,162.0,3.0,111.0,2.5
2026-04-18 17:00:00,2026,4,18,17,Vĩnh Long,Phường An Hội,10.2009202,106.3727946,93.0,Moderate,1.0,32.8,53,0.0,11.4,118,1006.5,92,11.7,13.6,174.0,5.6,97.0,3.1
2026-04-18 18:00:00,2026,4,18,18,Vĩnh Long,Phường An Hội,10.2009202,106.3727946,93.0,Moderate,1.0,31.4,61,0.0,13.1,122,1007.2,96,13.7,15.3,192.0,9.1,80.0,4.1
2026-04-18 19:00:00,2026,4,18,19,Vĩnh Long,Phường An Hội,10.2009202,106.3727946,93.0,Moderate,1.0,30.2,67,0.0,13.2,125,1008.0,100,15.8,17.5,212.0,12.0,67.0,5.0
2026-04-18 20:00:00,2026,4,18,20,Vĩnh Long,Phường An Hội,10.2009202,106.3727946,92.0,Moderate,1.0,29.3,71,0.0,10.7,130,1008.9,91,17.6,19.5,236.0,13.6,61.0,5.7
2026-04-18 21:00:00,2026,4,18,21,Vĩnh Long,Phường An Hội,10.2009202,106.3727946,92.0,Moderate,1.0,28.7,75,0.0,7.1,139,1009.8,83,20.2,22.1,262.0,14.5,59.0,6.2
2026-04-18 22:00:00,2026,4,18,22,Vĩnh Long,Phường An Hội,10.2009202,106.3727946,91.0,Moderate,1.0,28.2,78,0.0,4.3,156,1010.3,74,23.4,25.4,277.0,15.5,57.0,6.5
2026-04-18 23:00:00,2026,4,18,23,Vĩnh Long,Phường An Hội,10.2009202,106.3727946,90.0,Moderate,1.0,27.9,80,0.0,3.4,162,1010.2,82,25.7,27.8,272.0,16.3,54.0,6.2
2026-04-19 00:00:00,2026,4,19,0,Vĩnh Long,Phường An Hội,10.2009202,106.3727946,90.0,Moderate,1.0,27.7,82,0.0,3.2,153,1009.8,89,27.5,29.6,256.0,17.1,51.0,5.6
2026-04-19 01:00:00,2026,4,19,1,Vĩnh Long,Phường An Hội,10.2009202,106.3727946,89.0,Moderate,1.0,27.5,83,0.0,3.1,144,1009.3,97,31.3,33.5,243.0,19.0,48.0,5.4
2026-04-19 02:00:00,2026,4,19,2,Vĩnh Long,Phường An Hội,10.2009202,106.3727946,88.0,Moderate,1.0,27.3,84,0.0,3.1,144,1008.9,87,37.3,39.6,239.0,23.3,43.0,5.8
2026-04-19 03:00:00,2026,4,19,3,Vĩnh Long,Phường An Hội,10.2009202,106.3727946,88.0,Moderate,1.0,27.0,85,0.0,3.3,139,1008.4,78,47.8,50.5,238.0,28.7,37.0,6.5
2026-04-19 04:00:00,2026,4,19,4,Vĩnh Long,Phường An Hội,10.2009202,106.3727946,88.0,Moderate,1.0,26.9,85,0.0,3.6,143,1008.3,68,62.6,65.7,236.0,32.5,35.0,7.5
2026-04-19 05:00:00,2026,4,19,5,Vĩnh Long,Phường An Hội,10.2009202,106.3727946,88.0,Moderate,1.0,26.9,86,0.0,3.4,148,1008.7,70,77.3,80.6,232.0,34.3,37.0,9.3
2026-04-19 06:00:00,2026,4,19,6,Vĩnh Long,Phường An Hội,10.2009202,106.3727946,88.0,Moderate,1.0,27.0,86,0.0,3.2,153,1009.3,72,91.7,95.2,227.0,34.5,43.0,11.3
2026-04-19 07:00:00,2026,4,19,7,Vĩnh Long,Phường An Hội,10.2009202,106.3727946,89.0,Moderate,1.0,27.5,84,0.0,3.5,156,1009.9,74,69.8,73.6,350.2,31.6,54.0,11.9
2026-04-19 08:00:00,2026,4,19,8,Vĩnh Long,Phường An Hội,10.2009202,106.3727946,88.0,Moderate,1.0,28.7,76,0.0,5.2,146,1010.3,80,28.2,32.9,404.0,23.2,74.0,9.8
2026-04-19 09:00:00,2026,4,19,9,Vĩnh Long,Phường An Hội,10.2009202,106.3727946,88.0,Moderate,1.0,30.2,66,0.0,7.4,137,1010.5,87,20.1,25.3,336.8,11.7,99.0,6.2
2026-04-19 10:00:00,2026,4,19,10,Vĩnh Long,Phường An Hội,10.2009202,106.3727946,88.0,Moderate,1.0,31.4,58,0.0,9.2,132,1010.5,93,19.3,24.5,219.0,3.3,119.0,3.5
2026-04-19 11:00:00,2026,4,19,11,Vĩnh Long,Phường An Hội,10.2009202,106.3727946,88.0,Moderate,1.0,31.9,56,0.1,9.8,126,1010.0,94,20.3,25.2,178.0,0.9,128.0,2.7
2026-04-19 12:00:00,2026,4,19,12,Vĩnh Long,Phường An Hội,10.2009202,106.3727946,89.0,Moderate,1.0,32.0,56,0.1,9.7,121,1009.2,94,18.3,22.6,193.0,1.6,131.0,2.7
2026-04-19 13:00:00,2026,4,19,13,Vĩnh Long,Phường An Hội,10.2009202,106.3727946,89.0,Moderate,1.0,31.9,58,0.1,9.7,117,1008.5,95,17.6,21.5,208.0,2.5,132.0,2.8
2026-04-19 14:00:00,2026,4,19,14,Vĩnh Long,Phường An Hội,10.2009202,106.3727946,89.0,Moderate,1.0,31.6,60,0.9,9.8,118,1007.8,97,17.6,21.5,204.0,2.5,132.0,2.7
2026-04-19 15:00:00,2026,4,19,15,Vĩnh Long,Phường An Hội,10.2009202,106.3727946,90.0,Moderate,1.0,31.1,64,0.9,10.0,120,1007.1,98,17.6,21.6,201.0,2.8,129.0,2.6
2026-04-19 16:00:00,2026,4,19,16,Vĩnh Long,Phường An Hội,10.2009202,106.3727946,90.0,Moderate,1.0,30.5,67,0.9,9.9,123,1006.8,100,17.3,21.4,204.0,3.6,123.0,2.8
2026-04-19 17:00:00,2026,4,19,17,Vĩnh Long,Phường An Hội,10.2009202,106.3727946,91.0,Moderate,1.0,29.8,70,0.1,9.0,127,1006.9,100,17.8,22.1,217.0,5.6,113.0,3.3
2026-04-19 18:00:00,2026,4,19,18,Vĩnh Long,Phường An Hội,10.2009202,106.3727946,91.0,Moderate,1.0,29.0,73,0.1,7.4,133,1007.4,100,18.2,22.1,236.0,8.2,99.0,4.1
2026-04-19 19:00:00,2026,4,19,19,Vĩnh Long,Phường An Hội,10.2009202,106.3727946,92.0,Moderate,1.0,28.4,76,0.1,6.4,137,1008.0,100,19.7,23.0,250.0,10.1,90.0,4.6
2026-04-19 20:00:00,2026,4,19,20,Vĩnh Long,Phường An Hội,10.2009202,106.3727946,92.0,Moderate,1.0,27.9,79,0.0,5.6,135,1008.8,100,,,,,,
2026-04-19 21:00:00,2026,4,19,21,Vĩnh Long,Phường An Hội,10.2009202,106.3727946,,Unknown,,27.6,82,0.0,5.1,129,1009.8,100,,,,,,
2026-04-19 22:00:00,2026,4,19,22,Vĩnh Long,Phường An Hội,10.2009202,106.3727946,,Unknown,,27.3,85,0.0,4.6,129,1010.4,100,,,,,,
2026-04-19 23:00:00,2026,4,19,23,Vĩnh Long,Phường An Hội,10.2009202,106.3727946,,Unknown,,27.0,87,0.0,3.3,139,1010.3,100,,,,,,
2026-04-20 00:00:00,2026,4,20,0,Vĩnh Long,Phường An Hội,10.2009202,106.3727946,,Unknown,,26.8,88,0.0,2.6,164,1009.9,100,,,,,,
2026-04-20 01:00:00,2026,4,20,1,Vĩnh Long,Phường An Hội,10.2009202,106.3727946,,Unknown,,26.7,89,0.0,2.5,188,1009.4,100,,,,,,
2026-04-20 02:00:00,2026,4,20,2,Vĩnh Long,Phường An Hội,10.2009202,106.3727946,,Unknown,,26.5,89,0.0,2.9,187,1009.0,88,,,,,,
2026-04-20 03:00:00,2026,4,20,3,Vĩnh Long,Phường An Hội,10.2009202,106.3727946,,Unknown,,26.4,89,0.0,3.3,167,1008.5,76,,,,,,
2026-04-20 04:00:00,2026,4,20,4,Vĩnh Long,Phường An Hội,10.2009202,106.3727946,,Unknown,,26.4,89,0.0,3.7,151,1008.4,64,,,,,,
2026-04-20 05:00:00,2026,4,20,5,Vĩnh Long,Phường An Hội,10.2009202,106.3727946,,Unknown,,26.4,89,0.0,4.6,129,1008.8,68,,,,,,
2026-04-20 06:00:00,2026,4,20,6,Vĩnh Long,Phường An Hội,10.2009202,106.3727946,,Unknown,,26.4,88,0.0,5.7,108,1009.4,72,,,,,,
2026-04-20 07:00:00,2026,4,20,7,Vĩnh Long,Phường An Hội,10.2009202,106.3727946,,Unknown,,26.7,86,0.0,7.3,101,1010.0,76,,,,,,
2026-04-20 08:00:00,2026,4,20,8,Vĩnh Long,Phường An Hội,10.2009202,106.3727946,,Unknown,,27.5,82,0.1,8.8,102,1010.4,84,,,,,,
2026-04-20 09:00:00,2026,4,20,9,Vĩnh Long,Phường An Hội,10.2009202,106.3727946,,Unknown,,28.5,77,0.1,9.6,103,1010.8,92,,,,,,
2026-04-20 10:00:00,2026,4,20,10,Vĩnh Long,Phường An Hội,10.2009202,106.3727946,,Unknown,,29.4,72,0.1,10.5,106,1010.8,100,,,,,,
2026-04-20 11:00:00,2026,4,20,11,Vĩnh Long,Phường An Hội,10.2009202,106.3727946,,Unknown,,30.4,67,0.0,11.0,109,1010.3,95,,,,,,
2026-04-20 12:00:00,2026,4,20,12,Vĩnh Long,Phường An Hội,10.2009202,106.3727946,,Unknown,,31.3,63,0.0,11.0,113,1009.4,91,,,,,,
2026-04-20 13:00:00,2026,4,20,13,Vĩnh Long,Phường An Hội,10.2009202,106.3727946,,Unknown,,31.9,60,0.0,10.9,117,1008.6,86,,,,,,
2026-04-20 14:00:00,2026,4,20,14,Vĩnh Long,Phường An Hội,10.2009202,106.3727946,,Unknown,,32.0,59,0.1,10.4,124,1007.8,91,,,,,,
2026-04-20 15:00:00,2026,4,20,15,Vĩnh Long,Phường An Hội,10.2009202,106.3727946,,Unknown,,31.7,60,0.1,9.9,134,1006.9,95,,,,,,
2026-04-20 16:00:00,2026,4,20,16,Vĩnh Long,Phường An Hội,10.2009202,106.3727946,,Unknown,,31.2,61,0.1,9.4,140,1006.5,100,,,,,,
2026-04-20 17:00:00,2026,4,20,17,Vĩnh Long,Phường An Hội,10.2009202,106.3727946,,Unknown,,30.5,63,0.0,9.2,141,1006.7,100,,,,,,
2026-04-20 18:00:00,2026,4,20,18,Vĩnh Long,Phường An Hội,10.2009202,106.3727946,,Unknown,,29.7,66,0.0,8.7,138,1007.3,100,,,,,,
2026-04-20 19:00:00,2026,4,20,19,Vĩnh Long,Phường An Hội,10.2009202,106.3727946,,Unknown,,28.9,69,0.0,8.1,135,1007.9,100,,,,,,
2026-04-20 20:00:00,2026,4,20,20,Vĩnh Long,Phường An Hội,10.2009202,106.3727946,,Unknown,,28.2,73,0.0,7.4,129,1008.6,100,,,,,,
2026-04-20 21:00:00,2026,4,20,21,Vĩnh Long,Phường An Hội,10.2009202,106.3727946,,Unknown,,27.6,77,0.0,6.3,121,1009.4,100,,,,,,
2026-04-20 22:00:00,2026,4,20,22,Vĩnh Long,Phường An Hội,10.2009202,106.3727946,,Unknown,,27.1,80,0.0,5.5,113,1009.9,100,,,,,,
2026-04-20 23:00:00,2026,4,20,23,Vĩnh Long,Phường An Hội,10.2009202,106.3727946,,Unknown,,26.8,82,0.0,4.8,117,1009.8,100,,,,,,
2026-04-21 00:00:00,2026,4,21,0,Vĩnh Long,Phường An Hội,10.2009202,106.3727946,,Unknown,,26.6,84,0.0,4.4,125,1009.3,100,,,,,,
2026-04-21 01:00:00,2026,4,21,1,Vĩnh Long,Phường An Hội,10.2009202,106.3727946,,Unknown,,26.4,85,0.0,4.1,135,1008.9,100,,,,,,
2026-04-21 02:00:00,2026,4,21,2,Vĩnh Long,Phường An Hội,10.2009202,106.3727946,,Unknown,,26.2,86,0.0,4.1,135,1008.6,77,,,,,,
2026-04-21 03:00:00,2026,4,21,3,Vĩnh Long,Phường An Hội,10.2009202,106.3727946,,Unknown,,25.9,88,0.0,4.3,132,1008.3,53,,,,,,
2026-04-21 04:00:00,2026,4,21,4,Vĩnh Long,Phường An Hội,10.2009202,106.3727946,,Unknown,,25.9,88,0.0,4.6,129,1008.2,30,,,,,,
2026-04-21 05:00:00,2026,4,21,5,Vĩnh Long,Phường An Hội,10.2009202,106.3727946,,Unknown,,25.9,88,0.0,4.5,119,1008.6,30,,,,,,
2026-04-21 06:00:00,2026,4,21,6,Vĩnh Long,Phường An Hội,10.2009202,106.3727946,,Unknown,,26.2,87,0.0,4.9,107,1009.2,29,,,,,,
2026-04-21 07:00:00,2026,4,21,7,Vĩnh Long,Phường An Hội,10.2009202,106.3727946,,Unknown,,26.8,84,0.0,5.6,105,1009.8,29,,,,,,
2026-04-21 08:00:00,2026,4,21,8,Vĩnh Long,Phường An Hội,10.2009202,106.3727946,,Unknown,,28.1,77,0.0,6.6,112,1010.3,37,,,,,,
2026-04-21 09:00:00,2026,4,21,9,Vĩnh Long,Phường An Hội,10.2009202,106.3727946,,Unknown,,29.8,68,0.0,8.4,121,1010.6,46,,,,,,
2026-04-21 10:00:00,2026,4,21,10,Vĩnh Long,Phường An Hội,10.2009202,106.3727946,,Unknown,,31.2,60,0.0,9.3,126,1010.7,54,,,,,,
2026-04-21 11:00:00,2026,4,21,11,Vĩnh Long,Phường An Hội,10.2009202,106.3727946,,Unknown,,32.3,55,0.0,9.2,129,1010.2,59,,,,,,
2026-04-21 12:00:00,2026,4,21,12,Vĩnh Long,Phường An Hội,10.2009202,106.3727946,,Unknown,,33.0,52,0.0,8.2,131,1009.4,65,,,,,,
2026-04-21 13:00:00,2026,4,21,13,Vĩnh Long,Phường An Hội,10.2009202,106.3727946,,Unknown,,33.3,51,0.0,7.9,133,1008.6,70,,,,,,
2026-04-21 14:00:00,2026,4,21,14,Vĩnh Long,Phường An Hội,10.2009202,106.3727946,,Unknown,,32.7,54,0.2,8.7,135,1007.9,80,,,,,,
2026-04-21 15:00:00,2026,4,21,15,Vĩnh Long,Phường An Hội,10.2009202,106.3727946,,Unknown,,31.6,59,0.2,9.7,135,1007.3,90,,,,,,
2026-04-21 16:00:00,2026,4,21,16,Vĩnh Long,Phường An Hội,10.2009202,106.3727946,,Unknown,,30.7,63,0.2,10.2,135,1006.9,100,,,,,,
2026-04-21 17:00:00,2026,4,21,17,Vĩnh Long,Phường An Hội,10.2009202,106.3727946,,Unknown,,30.1,66,0.0,9.2,138,1007.0,86,,,,,,
2026-04-21 18:00:00,2026,4,21,18,Vĩnh Long,Phường An Hội,10.2009202,106.3727946,,Unknown,,29.6,68,0.0,8.0,144,1007.3,71,,,,,,
2026-04-21 19:00:00,2026,4,21,19,Vĩnh Long,Phường An Hội,10.2009202,106.3727946,,Unknown,,29.1,71,0.0,6.8,148,1007.8,57,,,,,,
2026-04-21 20:00:00,2026,4,21,20,Vĩnh Long,Phường An Hội,10.2009202,106.3727946,,Unknown,,28.5,74,0.0,6.0,147,1008.5,41,,,,,,
2026-04-21 21:00:00,2026,4,21,21,Vĩnh Long,Phường An Hội,10.2009202,106.3727946,,Unknown,,27.9,77,0.0,5.6,140,1009.2,25,,,,,,
2026-04-21 22:00:00,2026,4,21,22,Vĩnh Long,Phường An Hội,10.2009202,106.3727946,,Unknown,,27.4,80,0.0,5.4,138,1009.7,9,,,,,,
2026-04-21 23:00:00,2026,4,21,23,Vĩnh Long,Phường An Hội,10.2009202,106.3727946,,Unknown,,27.0,82,0.0,5.1,141,1009.6,13,,,,,,
